"Status","Start Time","Stop Time","Duration in ms","Parent Suite","Suite","Sub Suite","Test Class","Test Method","Name","Description"
"passed","Fri Mar 04 11:20:08 UTC 2022","Fri Mar 04 11:20:08 UTC 2022","518","tests.test_main_page","test_main_page","TestMainPage","","","test_elements_present[main_page_user0]","
        Проверка отображения основных элементов главной страницы портала
        https://tfs.university.innopolis.ru/tfs/DefaultCollection/%D0%92%D0%BD%D1%83%D1%82%D1%80%D0%B5%D0%BD%D0%BD%D1%8F%D1%8F%20%D1%80%D0%B0%D0%B7%D1%80%D0%B0%D0%B1%D0%BE%D1%82%D0%BA%D0%B0/_workitems/edit/62188
        "
"passed","Fri Mar 04 12:55:24 UTC 2022","Fri Mar 04 12:57:13 UTC 2022","109051","tests.test_outbox_letters","test_add_outbox_letter_main_flow","TestOutboxLetters","","","test_add_outbox_letter_main_flow_admin[user16]","
        Подготовка заявки для согласования нового исходящего письма
        https://tfs.university.innopolis.ru/tfs/DefaultCollection/%D0%92%D0%BD%D1%83%D1%82%D1%80%D0%B5%D0%BD%D0%BD%D1%8F%D1%8F%20%D1%80%D0%B0%D0%B7%D1%80%D0%B0%D0%B1%D0%BE%D1%82%D0%BA%D0%B0/_workitems/edit/55188
        "
"failed","Fri Mar 04 13:27:46 UTC 2022","Fri Mar 04 13:27:46 UTC 2022","0","tests.test_requests_spending_budget_funds","test_requests_spending_budget_funds","TestSpendingBudgetFunds","","","test_budget_manager_send_rework","
        Заявки на расходование средств бюджета с перечислением денежных средств.
        Возврат распорядителем бюджета на доработку
        https://tfs.university.innopolis.ru/tfs/DefaultCollection/%D0%92%D0%BD%D1%83%D1%82%D1%80%D0%B5%D0%BD%D0%BD%D1%8F%D1%8F%20%D1%80%D0%B0%D0%B7%D1%80%D0%B0%D0%B1%D0%BE%D1%82%D0%BA%D0%B0/_workitems/edit/61461
        "
"broken","Fri Mar 04 12:02:14 UTC 2022","Fri Mar 04 12:03:40 UTC 2022","85836","tests.test_other_documents","test_other_docs","TestOtherDocs","","","test_two_simple_signs","
        Подписание Иных документов с инициацией на портале. ПЭП. Две подписи. docx и pdf
        https://tfs.university.innopolis.ru/tfs/DefaultCollection/%D0%92%D0%BD%D1%83%D1%82%D1%80%D0%B5%D0%BD%D0%BD%D1%8F%D1%8F%20%D1%80%D0%B0%D0%B7%D1%80%D0%B0%D0%B1%D0%BE%D1%82%D0%BA%D0%B0/_workitems/edit/55939
        "
"passed","Fri Mar 04 11:12:37 UTC 2022","Fri Mar 04 11:17:50 UTC 2022","312185","tests.test_hiring_employee","test_business_process_hiring","TestHiring","","","test_offer_agreement","
        Подбор и прием нового сотрудника. согласование заявки на прием сотрудника
        https://tfs.university.innopolis.ru/tfs/DefaultCollection/%D0%92%D0%BD%D1%83%D1%82%D1%80%D0%B5%D0%BD%D0%BD%D1%8F%D1%8F%20%D1%80%D0%B0%D0%B7%D1%80%D0%B0%D0%B1%D0%BE%D1%82%D0%BA%D0%B0/_workitems/edit/61298
        "
"failed","Fri Mar 04 11:26:03 UTC 2022","Fri Mar 04 11:26:38 UTC 2022","35232","tests.test_main_page","test_main_page","TestMainPage","","","test_topmenu_links","
        Проверка открытия страниц через главное меню
        https://tfs.university.innopolis.ru/tfs/DefaultCollection/%D0%92%D0%BD%D1%83%D1%82%D1%80%D0%B5%D0%BD%D0%BD%D1%8F%D1%8F%20%D1%80%D0%B0%D0%B7%D1%80%D0%B0%D0%B1%D0%BE%D1%82%D0%BA%D0%B0/_workitems/edit/62193
        "
"failed","Fri Mar 04 11:17:50 UTC 2022","Fri Mar 04 11:19:54 UTC 2022","124788","tests.test_inbox_letters","test_add_inbox_letter","TestInboxLetters","","","test_add_inbox_letter","
        Подготовка заявки для согласования нового входящего письма
        https://tfs.university.innopolis.ru/tfs/DefaultCollection/%D0%92%D0%BD%D1%83%D1%82%D1%80%D0%B5%D0%BD%D0%BD%D1%8F%D1%8F%20%D1%80%D0%B0%D0%B7%D1%80%D0%B0%D0%B1%D0%BE%D1%82%D0%BA%D0%B0/_workitems/edit/55194
        "
"passed","Fri Mar 04 10:18:30 UTC 2022","Fri Mar 04 10:21:42 UTC 2022","191979","tests.test_contracts_gph","test_business_process_contract_gph_standart","TestContractGPH","","","test_contract_gph_standart_admin[user17]","
         Договор ГПХ руководитель НЕ проректор - стандартное простое прохождение
        https://tfs.university.innopolis.ru/tfs/DefaultCollection/%D0%92%D0%BD%D1%83%D1%82%D1%80%D0%B5%D0%BD%D0%BD%D1%8F%D1%8F%20%D1%80%D0%B0%D0%B7%D1%80%D0%B0%D0%B1%D0%BE%D1%82%D0%BA%D0%B0/_workitems/edit/60769
        Consideration of the first group of approvers (varies for each user)
        "
"passed","Fri Mar 04 11:24:47 UTC 2022","Fri Mar 04 11:25:28 UTC 2022","40534","tests.test_main_page","test_main_page","TestMainPage","","","test_open_crm","
        Проверка открытия основных элементов главной страницы портала
        https://tfs.university.innopolis.ru/tfs/DefaultCollection/%D0%92%D0%BD%D1%83%D1%82%D1%80%D0%B5%D0%BD%D0%BD%D1%8F%D1%8F%20%D1%80%D0%B0%D0%B7%D1%80%D0%B0%D0%B1%D0%BE%D1%82%D0%BA%D0%B0/_workitems/edit/62190
        "
"failed","Fri Mar 04 13:39:51 UTC 2022","Fri Mar 04 13:39:51 UTC 2022","0","tests.test_requests_spending_budget_funds","test_requests_spending_budget_funds","TestSpendingBudgetFunds","","","test_director_send_rework","
        Заявки на расходование средств бюджета с перечислением ДС. Возврат директором на доработку.
        Проверка редактирования после возврата на доработку
        https://tfs.university.innopolis.ru/tfs/DefaultCollection/%D0%92%D0%BD%D1%83%D1%82%D1%80%D0%B5%D0%BD%D0%BD%D1%8F%D1%8F%20%D1%80%D0%B0%D0%B7%D1%80%D0%B0%D0%B1%D0%BE%D1%82%D0%BA%D0%B0/_workitems/edit/61910
        "
"passed","Fri Mar 04 10:10:07 UTC 2022","Fri Mar 04 10:15:22 UTC 2022","315146","tests.test_contracts_gph","test_business_process_contract_gph_standart","TestContractGPH","","","test_contract_gph_standart_admin[user15]","
         Договор ГПХ руководитель НЕ проректор - стандартное простое прохождение
        https://tfs.university.innopolis.ru/tfs/DefaultCollection/%D0%92%D0%BD%D1%83%D1%82%D1%80%D0%B5%D0%BD%D0%BD%D1%8F%D1%8F%20%D1%80%D0%B0%D0%B7%D1%80%D0%B0%D0%B1%D0%BE%D1%82%D0%BA%D0%B0/_workitems/edit/60769
        Consideration of the first group of approvers (varies for each user)
        "
"passed","Fri Mar 04 12:25:35 UTC 2022","Fri Mar 04 12:28:23 UTC 2022","168190","tests.test_outbox_letters","test_add_outbox_letter_main_flow","TestOutboxLetters","","","test_add_outbox_letter_main_flow_admin[user3]","
        Подготовка заявки для согласования нового исходящего письма
        https://tfs.university.innopolis.ru/tfs/DefaultCollection/%D0%92%D0%BD%D1%83%D1%82%D1%80%D0%B5%D0%BD%D0%BD%D1%8F%D1%8F%20%D1%80%D0%B0%D0%B7%D1%80%D0%B0%D0%B1%D0%BE%D1%82%D0%BA%D0%B0/_workitems/edit/55188
        "
"passed","Fri Mar 04 09:13:36 UTC 2022","Fri Mar 04 09:17:39 UTC 2022","243411","tests.test_contracts_gph","test_business_process_contract_gph_standart","TestContractGPH","","","test_contract_gph_standart_admin[user0]","
         Договор ГПХ руководитель НЕ проректор - стандартное простое прохождение
        https://tfs.university.innopolis.ru/tfs/DefaultCollection/%D0%92%D0%BD%D1%83%D1%82%D1%80%D0%B5%D0%BD%D0%BD%D1%8F%D1%8F%20%D1%80%D0%B0%D0%B7%D1%80%D0%B0%D0%B1%D0%BE%D1%82%D0%BA%D0%B0/_workitems/edit/60769
        Consideration of the first group of approvers (varies for each user)
        "
"failed","Fri Mar 04 13:23:56 UTC 2022","Fri Mar 04 13:23:56 UTC 2022","0","tests.test_requests_spending_budget_funds","test_requests_spending_budget_funds","TestSpendingBudgetFunds","","","test_author_send_rework","
        Заявки на расходование средств бюджета. Возврат автором на доработку
        https://tfs.university.innopolis.ru/tfs/DefaultCollection/%D0%92%D0%BD%D1%83%D1%82%D1%80%D0%B5%D0%BD%D0%BD%D1%8F%D1%8F%20%D1%80%D0%B0%D0%B7%D1%80%D0%B0%D0%B1%D0%BE%D1%82%D0%BA%D0%B0/_workitems/edit/61460
        "
"passed","Fri Mar 04 09:23:57 UTC 2022","Fri Mar 04 09:40:16 UTC 2022","978221","tests.test_contracts_gph","test_business_process_contract_gph_standart","TestContractGPH","","","test_contract_gph_standart_admin[user3]","
         Договор ГПХ руководитель НЕ проректор - стандартное простое прохождение
        https://tfs.university.innopolis.ru/tfs/DefaultCollection/%D0%92%D0%BD%D1%83%D1%82%D1%80%D0%B5%D0%BD%D0%BD%D1%8F%D1%8F%20%D1%80%D0%B0%D0%B7%D1%80%D0%B0%D0%B1%D0%BE%D1%82%D0%BA%D0%B0/_workitems/edit/60769
        Consideration of the first group of approvers (varies for each user)
        "
"passed","Fri Mar 04 11:38:50 UTC 2022","Fri Mar 04 12:00:22 UTC 2022","1292074","tests.test_other_documents","test_other_docs","TestOtherDocs","","","test_mass_signing","
        Подписание Иных документов с инициацией на портале. УКЭП. Массовое подписание пользователем Семенихин
        https://tfs.university.innopolis.ru/tfs/DefaultCollection/%D0%92%D0%BD%D1%83%D1%82%D1%80%D0%B5%D0%BD%D0%BD%D1%8F%D1%8F%20%D1%80%D0%B0%D0%B7%D1%80%D0%B0%D0%B1%D0%BE%D1%82%D0%BA%D0%B0/_workitems/edit/55964
        "
"failed","Fri Mar 04 09:00:36 UTC 2022","Fri Mar 04 09:00:36 UTC 2022","0","tests.test_contracts","test_business_process_contract_rent","TestContractRent","","","test_approve_contract_rent_vice_rector_and_signer","
        Создание и согласование договора купли продажи
        Consideration by the second group of approvers (varies for the type of contract)
        "
"passed","Fri Mar 04 10:44:53 UTC 2022","Fri Mar 04 10:45:27 UTC 2022","34544","tests.test_decrees","test_decrees","TestDecrees","","","test_editing_decree_name","
        Проверка редактирования названия приказа сотрудником ОДП
        https://tfs.university.innopolis.ru/tfs/DefaultCollection/%D0%92%D0%BD%D1%83%D1%82%D1%80%D0%B5%D0%BD%D0%BD%D1%8F%D1%8F%20%D1%80%D0%B0%D0%B7%D1%80%D0%B0%D0%B1%D0%BE%D1%82%D0%BA%D0%B0/_workitems/edit/59783
        "
"passed","Fri Mar 04 10:51:37 UTC 2022","Fri Mar 04 10:53:24 UTC 2022","106708","tests.test_decrees","test_decrees","TestDecrees","","","test_cancel_approving","
        Подписание приказов, приложений ПЭП (без выписок). Возвращение на рассмотрение
        https://tfs.university.innopolis.ru/tfs/DefaultCollection/%D0%92%D0%BD%D1%83%D1%82%D1%80%D0%B5%D0%BD%D0%BD%D1%8F%D1%8F%20%D1%80%D0%B0%D0%B7%D1%80%D0%B0%D0%B1%D0%BE%D1%82%D0%BA%D0%B0/_workitems/edit/55803
        "
"failed","Fri Mar 04 09:02:10 UTC 2022","Fri Mar 04 09:02:10 UTC 2022","0","tests.test_contracts","test_business_process_contract_sale","TestContractSale","","","test_approve_contract_sale_vice_rector_and_analyst","
        Создание и согласование договора купли продажи
        https://tfs.university.innopolis.ru/tfs/DefaultCollection/%D0%92%D0%BD%D1%83%D1%82%D1%80%D0%B5%D0%BD%D0%BD%D1%8F%D1%8F%20%D1%80%D0%B0%D0%B7%D1%80%D0%B0%D0%B1%D0%BE%D1%82%D0%BA%D0%B0/_workitems/edit/57039
        Consideration by the second group of approvers (varies for the type of contract)
        "
"passed","Fri Mar 04 11:25:28 UTC 2022","Fri Mar 04 11:25:47 UTC 2022","19530","tests.test_main_page","test_main_page","TestMainPage","","","test_find_document","
        Проверка поиска документа
        https://tfs.university.innopolis.ru/tfs/DefaultCollection/%D0%92%D0%BD%D1%83%D1%82%D1%80%D0%B5%D0%BD%D0%BD%D1%8F%D1%8F%20%D1%80%D0%B0%D0%B7%D1%80%D0%B0%D0%B1%D0%BE%D1%82%D0%BA%D0%B0/_workitems/edit/62191
        "
"failed","Fri Mar 04 13:22:33 UTC 2022","Fri Mar 04 13:22:33 UTC 2022","0","tests.test_requests_spending_budget_funds","test_requests_spending_budget_funds","TestSpendingBudgetFunds","","","test_request_contract_gph_with_transfer","
        Заявки на расходование средств бюджета с перечислением денежных средств. Проход по стадиям
        https://tfs.university.innopolis.ru/tfs/DefaultCollection/%D0%92%D0%BD%D1%83%D1%82%D1%80%D0%B5%D0%BD%D0%BD%D1%8F%D1%8F%20%D1%80%D0%B0%D0%B7%D1%80%D0%B0%D0%B1%D0%BE%D1%82%D0%BA%D0%B0/_workitems/edit/61422
        "
"broken","Fri Mar 04 11:32:10 UTC 2022","Fri Mar 04 11:33:38 UTC 2022","88013","tests.test_other_documents","test_other_docs","TestOtherDocs","","","test_landscape_orientation","
        Подписание Иных документов с инициацией на портале. ПЭП. Горизонтальный документ
        https://tfs.university.innopolis.ru/tfs/DefaultCollection/%D0%92%D0%BD%D1%83%D1%82%D1%80%D0%B5%D0%BD%D0%BD%D1%8F%D1%8F%20%D1%80%D0%B0%D0%B7%D1%80%D0%B0%D0%B1%D0%BE%D1%82%D0%BA%D0%B0/_workitems/edit/55946
        "
"passed","Fri Mar 04 12:48:25 UTC 2022","Fri Mar 04 12:50:14 UTC 2022","109865","tests.test_outbox_letters","test_add_outbox_letter_main_flow","TestOutboxLetters","","","test_add_outbox_letter_main_flow_admin[user12]","
        Подготовка заявки для согласования нового исходящего письма
        https://tfs.university.innopolis.ru/tfs/DefaultCollection/%D0%92%D0%BD%D1%83%D1%82%D1%80%D0%B5%D0%BD%D0%BD%D1%8F%D1%8F%20%D1%80%D0%B0%D0%B7%D1%80%D0%B0%D0%B1%D0%BE%D1%82%D0%BA%D0%B0/_workitems/edit/55188
        "
"passed","Fri Mar 04 10:33:35 UTC 2022","Fri Mar 04 10:34:59 UTC 2022","83302","tests.test_decrees","test_decrees","TestDecrees","","","test_change_decree_attachments","
        Подписание приказов, приложений ПЭП (без выписок). Перезалив документов перед рассмотрением
        https://tfs.university.innopolis.ru/tfs/DefaultCollection/%D0%92%D0%BD%D1%83%D1%82%D1%80%D0%B5%D0%BD%D0%BD%D1%8F%D1%8F%20%D1%80%D0%B0%D0%B7%D1%80%D0%B0%D0%B1%D0%BE%D1%82%D0%BA%D0%B0/_workitems/edit/55804
        "
"passed","Fri Mar 04 12:10:55 UTC 2022","Fri Mar 04 12:15:07 UTC 2022","251228","tests.test_outbox_letters","test_add_outbox_letter_main_flow","TestOutboxLetters","","","test_add_outbox_letter_main_flow[user0]","
        Подготовка заявки   для согласования нового исходящего письма
        https://tfs.university.innopolis.ru/tfs/DefaultCollection/%D0%92%D0%BD%D1%83%D1%82%D1%80%D0%B5%D0%BD%D0%BD%D1%8F%D1%8F%20%D1%80%D0%B0%D0%B7%D1%80%D0%B0%D0%B1%D0%BE%D1%82%D0%BA%D0%B0/_workitems/edit/55188
        "
"passed","Fri Mar 04 09:49:11 UTC 2022","Fri Mar 04 09:51:51 UTC 2022","159740","tests.test_contracts_gph","test_business_process_contract_gph_standart","TestContractGPH","","","test_contract_gph_standart_admin[user5]","
         Договор ГПХ руководитель НЕ проректор - стандартное простое прохождение
        https://tfs.university.innopolis.ru/tfs/DefaultCollection/%D0%92%D0%BD%D1%83%D1%82%D1%80%D0%B5%D0%BD%D0%BD%D1%8F%D1%8F%20%D1%80%D0%B0%D0%B7%D1%80%D0%B0%D0%B1%D0%BE%D1%82%D0%BA%D0%B0/_workitems/edit/60769
        Consideration of the first group of approvers (varies for each user)
        "
"broken","Fri Mar 04 13:41:38 UTC 2022","Fri Mar 04 13:43:00 UTC 2022","81536","tests.test_requests_transfer_funds","test_requests_transfer_funds","TestTransferFunds","","","test_create_request_transfer_funds","
        Создание Заявки на перечисление денежных средств на основе созданной ранее Заявки на расходование средств
        бюджета
        https://tfs.university.innopolis.ru/tfs/DefaultCollection/%D0%92%D0%BD%D1%83%D1%82%D1%80%D0%B5%D0%BD%D0%BD%D1%8F%D1%8F%20%D1%80%D0%B0%D0%B7%D1%80%D0%B0%D0%B1%D0%BE%D1%82%D0%BA%D0%B0/_workitems/edit/60879
        "
"passed","Fri Mar 04 12:57:13 UTC 2022","Fri Mar 04 12:59:10 UTC 2022","116558","tests.test_outbox_letters","test_add_outbox_letter_main_flow","TestOutboxLetters","","","test_add_outbox_letter_main_flow_admin[user17]","
        Подготовка заявки для согласования нового исходящего письма
        https://tfs.university.innopolis.ru/tfs/DefaultCollection/%D0%92%D0%BD%D1%83%D1%82%D1%80%D0%B5%D0%BD%D0%BD%D1%8F%D1%8F%20%D1%80%D0%B0%D0%B7%D1%80%D0%B0%D0%B1%D0%BE%D1%82%D0%BA%D0%B0/_workitems/edit/55188
        "
"passed","Fri Mar 04 10:23:18 UTC 2022","Fri Mar 04 10:23:48 UTC 2022","29673","tests.test_contracts_gph","test_business_process_contract_gph_standart","TestContractGPHChanges","","","test_contract_gph_free_standart[for_contract_gph_free0]","
        Договор ГПХ стандартноая форма перевод в свободную
        https://tfs.university.innopolis.ru/tfs/DefaultCollection/%D0%92%D0%BD%D1%83%D1%82%D1%80%D0%B5%D0%BD%D0%BD%D1%8F%D1%8F%20%D1%80%D0%B0%D0%B7%D1%80%D0%B0%D0%B1%D0%BE%D1%82%D0%BA%D0%B0/_workitems/edit/60806
        Consideration of the first group of approvers (varies for each user)
        "
"passed","Fri Mar 04 11:07:27 UTC 2022","Fri Mar 04 11:11:56 UTC 2022","269225","tests.test_hiring_employee","test_business_process_hiring","TestHiring","","","test_hiring_agreement","
        Подбор и прием нового сотрудника. Поиск кандидата
        https://tfs.university.innopolis.ru/tfs/DefaultCollection/%D0%92%D0%BD%D1%83%D1%82%D1%80%D0%B5%D0%BD%D0%BD%D1%8F%D1%8F%20%D1%80%D0%B0%D0%B7%D1%80%D0%B0%D0%B1%D0%BE%D1%82%D0%BA%D0%B0/_workitems/edit/61403
        "
"broken","Fri Mar 04 11:37:29 UTC 2022","Fri Mar 04 11:38:50 UTC 2022","80833","tests.test_other_documents","test_other_docs","TestOtherDocs","","","test_send_rework_4th_approver","
        Подписание Иных документов с инициацией на портале. Отправка на доработку четвертым согласующим
        https://tfs.university.innopolis.ru/tfs/DefaultCollection/%D0%92%D0%BD%D1%83%D1%82%D1%80%D0%B5%D0%BD%D0%BD%D1%8F%D1%8F%20%D1%80%D0%B0%D0%B7%D1%80%D0%B0%D0%B1%D0%BE%D1%82%D0%BA%D0%B0/_workitems/edit/55952
        "
"broken","Fri Mar 04 12:06:30 UTC 2022","Fri Mar 04 12:08:02 UTC 2022","92485","tests.test_other_documents","test_other_docs","TestOtherDocs","","","test_four_qualified_signs","
        Подписание Иных документов с инициацией на портале. УКЭП. Четыре подписи. doc, docx и pdf х2
        https://tfs.university.innopolis.ru/tfs/DefaultCollection/%D0%92%D0%BD%D1%83%D1%82%D1%80%D0%B5%D0%BD%D0%BD%D1%8F%D1%8F%20%D1%80%D0%B0%D0%B7%D1%80%D0%B0%D0%B1%D0%BE%D1%82%D0%BA%D0%B0/_workitems/edit/55945
        "
"failed","Fri Mar 04 09:03:43 UTC 2022","Fri Mar 04 09:03:43 UTC 2022","0","tests.test_contracts","test_business_process_contract_self_employed","TestContractSelfEmployed","","","test_approve_contract_self_employed_valiev_approvers_asll","
        Создание и согласование договора купли продажи с контрагентом юридическое лицо, начинающееся на ""самозанят*""
        Consideration by the second group of approvers (varies for the type of contract)
        "
"passed","Fri Mar 04 12:50:14 UTC 2022","Fri Mar 04 12:52:41 UTC 2022","146329","tests.test_outbox_letters","test_add_outbox_letter_main_flow","TestOutboxLetters","","","test_add_outbox_letter_main_flow_admin[user13]","
        Подготовка заявки для согласования нового исходящего письма
        https://tfs.university.innopolis.ru/tfs/DefaultCollection/%D0%92%D0%BD%D1%83%D1%82%D1%80%D0%B5%D0%BD%D0%BD%D1%8F%D1%8F%20%D1%80%D0%B0%D0%B7%D1%80%D0%B0%D0%B1%D0%BE%D1%82%D0%BA%D0%B0/_workitems/edit/55188
        "
"passed","Fri Mar 04 09:40:16 UTC 2022","Fri Mar 04 09:49:11 UTC 2022","535488","tests.test_contracts_gph","test_business_process_contract_gph_standart","TestContractGPH","","","test_contract_gph_standart_admin[user4]","
         Договор ГПХ руководитель НЕ проректор - стандартное простое прохождение
        https://tfs.university.innopolis.ru/tfs/DefaultCollection/%D0%92%D0%BD%D1%83%D1%82%D1%80%D0%B5%D0%BD%D0%BD%D1%8F%D1%8F%20%D1%80%D0%B0%D0%B7%D1%80%D0%B0%D0%B1%D0%BE%D1%82%D0%BA%D0%B0/_workitems/edit/60769
        Consideration of the first group of approvers (varies for each user)
        "
"passed","Fri Mar 04 10:25:59 UTC 2022","Fri Mar 04 10:30:12 UTC 2022","252883","tests.test_decrees","test_decrees","TestDecrees","","","test_decree_states","
        Подписание приказов, приложений ПЭП (без выписок)
        https://tfs.university.innopolis.ru/tfs/DefaultCollection/%D0%92%D0%BD%D1%83%D1%82%D1%80%D0%B5%D0%BD%D0%BD%D1%8F%D1%8F%20%D1%80%D0%B0%D0%B7%D1%80%D0%B0%D0%B1%D0%BE%D1%82%D0%BA%D0%B0/_workitems/edit/55798
        "
"passed","Fri Mar 04 11:28:24 UTC 2022","Fri Mar 04 11:30:01 UTC 2022","97237","tests.test_main_page","test_main_page","TestMainPage","","","test_users_access","
        Проверка недоступности страниц для пользователя с отсутствующими правами
        https://tfs.university.innopolis.ru/tfs/DefaultCollection/%D0%92%D0%BD%D1%83%D1%82%D1%80%D0%B5%D0%BD%D0%BD%D1%8F%D1%8F%20%D1%80%D0%B0%D0%B7%D1%80%D0%B0%D0%B1%D0%BE%D1%82%D0%BA%D0%B0/_workitems/edit/62226
        "
"failed","Fri Mar 04 12:52:41 UTC 2022","Fri Mar 04 12:53:02 UTC 2022","21198","tests.test_outbox_letters","test_add_outbox_letter_main_flow","TestOutboxLetters","","","test_add_outbox_letter_main_flow_admin[user14]","
        Подготовка заявки для согласования нового исходящего письма
        https://tfs.university.innopolis.ru/tfs/DefaultCollection/%D0%92%D0%BD%D1%83%D1%82%D1%80%D0%B5%D0%BD%D0%BD%D1%8F%D1%8F%20%D1%80%D0%B0%D0%B7%D1%80%D0%B0%D0%B1%D0%BE%D1%82%D0%BA%D0%B0/_workitems/edit/55188
        "
"passed","Fri Mar 04 12:28:23 UTC 2022","Fri Mar 04 12:30:33 UTC 2022","130396","tests.test_outbox_letters","test_add_outbox_letter_main_flow","TestOutboxLetters","","","test_add_outbox_letter_main_flow_admin[user4]","
        Подготовка заявки для согласования нового исходящего письма
        https://tfs.university.innopolis.ru/tfs/DefaultCollection/%D0%92%D0%BD%D1%83%D1%82%D1%80%D0%B5%D0%BD%D0%BD%D1%8F%D1%8F%20%D1%80%D0%B0%D0%B7%D1%80%D0%B0%D0%B1%D0%BE%D1%82%D0%BA%D0%B0/_workitems/edit/55188
        "
"passed","Fri Mar 04 11:23:33 UTC 2022","Fri Mar 04 11:24:47 UTC 2022","74539","tests.test_main_page","test_main_page","TestMainPage","","","test_open_elements[main_page_user2]","
        Проверка открытия основных элементов главной страницы портала
        https://tfs.university.innopolis.ru/tfs/DefaultCollection/%D0%92%D0%BD%D1%83%D1%82%D1%80%D0%B5%D0%BD%D0%BD%D1%8F%D1%8F%20%D1%80%D0%B0%D0%B7%D1%80%D0%B0%D0%B1%D0%BE%D1%82%D0%BA%D0%B0/_workitems/edit/62190
        "
"failed","Fri Mar 04 08:52:27 UTC 2022","Fri Mar 04 08:55:17 UTC 2022","169677","tests.test_business_trips","test_business_trips","TestBusinessTrips","","","test_trip_states","
        Проход заявки на командировку по стадиям
        https://tfs.university.innopolis.ru/tfs/DefaultCollection/%D0%92%D0%BD%D1%83%D1%82%D1%80%D0%B5%D0%BD%D0%BD%D1%8F%D1%8F%20%D1%80%D0%B0%D0%B7%D1%80%D0%B0%D0%B1%D0%BE%D1%82%D0%BA%D0%B0/_workitems/edit/56068
        "
"failed","Fri Mar 04 10:35:28 UTC 2022","Fri Mar 04 10:35:28 UTC 2022","0","tests.test_decrees","test_decrees","TestDecrees","","","test_delete_decree_text_after_approving","
        Подписание приказов, приложений ПЭП (без выписок). Удаление документов после подписания, но перед регистрацией
        https://tfs.university.innopolis.ru/tfs/DefaultCollection/%D0%92%D0%BD%D1%83%D1%82%D1%80%D0%B5%D0%BD%D0%BD%D1%8F%D1%8F%20%D1%80%D0%B0%D0%B7%D1%80%D0%B0%D0%B1%D0%BE%D1%82%D0%BA%D0%B0/_workitems/edit/55805
        "
"passed","Fri Mar 04 10:22:14 UTC 2022","Fri Mar 04 10:22:45 UTC 2022","30701","tests.test_contracts_gph","test_business_process_contract_gph_standart","TestContractGPHChanges","","","test_contract_gph_standart_free[for_contract_gph_standart0]","
        Договор ГПХ стандартноая форма перевод в свободную
        https://tfs.university.innopolis.ru/tfs/DefaultCollection/%D0%92%D0%BD%D1%83%D1%82%D1%80%D0%B5%D0%BD%D0%BD%D1%8F%D1%8F%20%D1%80%D0%B0%D0%B7%D1%80%D0%B0%D0%B1%D0%BE%D1%82%D0%BA%D0%B0/_workitems/edit/60806
        Consideration of the first group of approvers (varies for each user)
        "
"failed","Fri Mar 04 09:01:07 UTC 2022","Fri Mar 04 09:01:07 UTC 2022","0","tests.test_contracts","test_business_process_contract_sale","TestContractSale","","","test_approve_contract_sale_first_group_approvers","
        Создание и согласование договора купли продажи
        https://tfs.university.innopolis.ru/tfs/DefaultCollection/%D0%92%D0%BD%D1%83%D1%82%D1%80%D0%B5%D0%BD%D0%BD%D1%8F%D1%8F%20%D1%80%D0%B0%D0%B7%D1%80%D0%B0%D0%B1%D0%BE%D1%82%D0%BA%D0%B0/_workitems/edit/57039
        Consideration of the first group of approvers (varies for each user)
        "
"failed","Fri Mar 04 08:57:08 UTC 2022","Fri Mar 04 08:57:08 UTC 2022","0","tests.test_contracts","test_business_process_contract_license","TestContractLicense","","","test_approve_contract_license_first_group_approvers","
        Создание и согласование договора аренды
        Consideration of the first group of approvers (varies for each user), exept Марина Абдрахманова
        "
"failed","Fri Mar 04 09:01:38 UTC 2022","Fri Mar 04 09:01:38 UTC 2022","0","tests.test_contracts","test_business_process_contract_sale","TestContractSale","","","test_approve_contract_sale_second_group_approvers","
        Создание и согласование договора купли продажи
        https://tfs.university.innopolis.ru/tfs/DefaultCollection/%D0%92%D0%BD%D1%83%D1%82%D1%80%D0%B5%D0%BD%D0%BD%D1%8F%D1%8F%20%D1%80%D0%B0%D0%B7%D1%80%D0%B0%D0%B1%D0%BE%D1%82%D0%BA%D0%B0/_workitems/edit/57039
        Consideration by the second group of approvers (varies for the type of contract)
        "
"failed","Fri Mar 04 11:27:17 UTC 2022","Fri Mar 04 11:27:38 UTC 2022","20185","tests.test_main_page","test_main_page","TestMainPage","","","test_change_language","
        Проверка переключения языка сайта
        https://tfs.university.innopolis.ru/tfs/DefaultCollection/%D0%92%D0%BD%D1%83%D1%82%D1%80%D0%B5%D0%BD%D0%BD%D1%8F%D1%8F%20%D1%80%D0%B0%D0%B7%D1%80%D0%B0%D0%B1%D0%BE%D1%82%D0%BA%D0%B0/_workitems/edit/62194
        "
"passed","Fri Mar 04 11:20:19 UTC 2022","Fri Mar 04 11:20:20 UTC 2022","479","tests.test_main_page","test_main_page","TestMainPage","","","test_elements_present[main_page_user1]","
        Проверка отображения основных элементов главной страницы портала
        https://tfs.university.innopolis.ru/tfs/DefaultCollection/%D0%92%D0%BD%D1%83%D1%82%D1%80%D0%B5%D0%BD%D0%BD%D1%8F%D1%8F%20%D1%80%D0%B0%D0%B7%D1%80%D0%B0%D0%B1%D0%BE%D1%82%D0%BA%D0%B0/_workitems/edit/62188
        "
"passed","Fri Mar 04 09:58:25 UTC 2022","Fri Mar 04 10:01:20 UTC 2022","175492","tests.test_contracts_gph","test_business_process_contract_gph_standart","TestContractGPH","","","test_contract_gph_standart_admin[user11]","
         Договор ГПХ руководитель НЕ проректор - стандартное простое прохождение
        https://tfs.university.innopolis.ru/tfs/DefaultCollection/%D0%92%D0%BD%D1%83%D1%82%D1%80%D0%B5%D0%BD%D0%BD%D1%8F%D1%8F%20%D1%80%D0%B0%D0%B7%D1%80%D0%B0%D0%B1%D0%BE%D1%82%D0%BA%D0%B0/_workitems/edit/60769
        Consideration of the first group of approvers (varies for each user)
        "
"passed","Fri Mar 04 10:07:05 UTC 2022","Fri Mar 04 10:10:07 UTC 2022","182175","tests.test_contracts_gph","test_business_process_contract_gph_standart","TestContractGPH","","","test_contract_gph_standart_admin[user14]","
         Договор ГПХ руководитель НЕ проректор - стандартное простое прохождение
        https://tfs.university.innopolis.ru/tfs/DefaultCollection/%D0%92%D0%BD%D1%83%D1%82%D1%80%D0%B5%D0%BD%D0%BD%D1%8F%D1%8F%20%D1%80%D0%B0%D0%B7%D1%80%D0%B0%D0%B1%D0%BE%D1%82%D0%BA%D0%B0/_workitems/edit/60769
        Consideration of the first group of approvers (varies for each user)
        "
"failed","Fri Mar 04 11:26:54 UTC 2022","Fri Mar 04 11:27:17 UTC 2022","22210","tests.test_main_page","test_main_page","TestMainPage","","","test_open_sidebar_elements","
        Проверка открытия элементов правого сайдбара
        https://tfs.university.innopolis.ru/tfs/DefaultCollection/%D0%92%D0%BD%D1%83%D1%82%D1%80%D0%B5%D0%BD%D0%BD%D1%8F%D1%8F%20%D1%80%D0%B0%D0%B7%D1%80%D0%B0%D0%B1%D0%BE%D1%82%D0%BA%D0%B0/_workitems/edit/62196
        "
"passed","Fri Mar 04 11:25:47 UTC 2022","Fri Mar 04 11:26:03 UTC 2022","15402","tests.test_main_page","test_main_page","TestMainPage","","","test_find_employee","
        Проверка поиска сотрудника
        https://tfs.university.innopolis.ru/tfs/DefaultCollection/%D0%92%D0%BD%D1%83%D1%82%D1%80%D0%B5%D0%BD%D0%BD%D1%8F%D1%8F%20%D1%80%D0%B0%D0%B7%D1%80%D0%B0%D0%B1%D0%BE%D1%82%D0%BA%D0%B0/_workitems/edit/62192
        "
"passed","Fri Mar 04 11:26:38 UTC 2022","Fri Mar 04 11:26:54 UTC 2022","16097","tests.test_main_page","test_main_page","TestMainPage","","","test_comment_news","
        Проверка комментирования новости
        https://tfs.university.innopolis.ru/tfs/DefaultCollection/%D0%92%D0%BD%D1%83%D1%82%D1%80%D0%B5%D0%BD%D0%BD%D1%8F%D1%8F%20%D1%80%D0%B0%D0%B7%D1%80%D0%B0%D0%B1%D0%BE%D1%82%D0%BA%D0%B0/_workitems/edit/62195
        "
"passed","Fri Mar 04 11:22:10 UTC 2022","Fri Mar 04 11:23:19 UTC 2022","69347","tests.test_main_page","test_main_page","TestMainPage","","","test_open_elements[main_page_user1]","
        Проверка открытия основных элементов главной страницы портала
        https://tfs.university.innopolis.ru/tfs/DefaultCollection/%D0%92%D0%BD%D1%83%D1%82%D1%80%D0%B5%D0%BD%D0%BD%D1%8F%D1%8F%20%D1%80%D0%B0%D0%B7%D1%80%D0%B0%D0%B1%D0%BE%D1%82%D0%BA%D0%B0/_workitems/edit/62190
        "
"failed","Fri Mar 04 09:00:03 UTC 2022","Fri Mar 04 09:00:03 UTC 2022","0","tests.test_contracts","test_business_process_contract_rent","TestContractRent","","","test_approve_contract_sale_second_group_approvers","
        Создание и согласование договора аренды
        Consideration by the second group of approvers (varies for the type of contract)
        "
"failed","Fri Mar 04 10:59:46 UTC 2022","Fri Mar 04 11:00:34 UTC 2022","47636","tests.test_decrees","test_decrees","TestDecrees","","","test_auto_approving","
        Подписание приказов, приложений ПЭП (без выписок). Автоматическое согласование проректором
        Баг:при автоматическом согласовании 2ой группой не переходит в статус Одобрение приказа подписантом
        "
"failed","Fri Mar 04 09:03:12 UTC 2022","Fri Mar 04 09:03:12 UTC 2022","0","tests.test_contracts","test_business_process_contract_self_employed","TestContractSelfEmployed","","","test_approve_contract_self_employed_valiev_approvers","
        Создание и согласование договора купли продажи с контрагентом самозанятым
        Consideration of the first group of approvers (varies for each user)
        "
"passed","Fri Mar 04 10:30:58 UTC 2022","Fri Mar 04 10:32:20 UTC 2022","81905","tests.test_decrees","test_decrees","TestDecrees","","","test_cancel_by_initiator","
        Подписание приказов, приложений ПЭП (без выписок). Проект приказа снят с рассмотрения инициатором
        https://tfs.university.innopolis.ru/tfs/DefaultCollection/%D0%92%D0%BD%D1%83%D1%82%D1%80%D0%B5%D0%BD%D0%BD%D1%8F%D1%8F%20%D1%80%D0%B0%D0%B7%D1%80%D0%B0%D0%B1%D0%BE%D1%82%D0%BA%D0%B0/_workitems/edit/55870
        "
"passed","Fri Mar 04 09:55:44 UTC 2022","Fri Mar 04 09:58:25 UTC 2022","160693","tests.test_contracts_gph","test_business_process_contract_gph_standart","TestContractGPH","","","test_contract_gph_standart_admin[user10]","
         Договор ГПХ руководитель НЕ проректор - стандартное простое прохождение
        https://tfs.university.innopolis.ru/tfs/DefaultCollection/%D0%92%D0%BD%D1%83%D1%82%D1%80%D0%B5%D0%BD%D0%BD%D1%8F%D1%8F%20%D1%80%D0%B0%D0%B7%D1%80%D0%B0%D0%B1%D0%BE%D1%82%D0%BA%D0%B0/_workitems/edit/60769
        Consideration of the first group of approvers (varies for each user)
        "
"passed","Fri Mar 04 11:31:35 UTC 2022","Fri Mar 04 11:32:10 UTC 2022","35204","tests.test_other_documents","test_other_docs","TestOtherDocs","","","test_sign_type_not_selected","
        Подписание Иных документов с инициацией на портале. Тип подписи не выбран
        https://tfs.university.innopolis.ru/tfs/DefaultCollection/%D0%92%D0%BD%D1%83%D1%82%D1%80%D0%B5%D0%BD%D0%BD%D1%8F%D1%8F%20%D1%80%D0%B0%D0%B7%D1%80%D0%B0%D0%B1%D0%BE%D1%82%D0%BA%D0%B0/_workitems/edit/55922
        "
"broken","Fri Mar 04 12:03:40 UTC 2022","Fri Mar 04 12:04:58 UTC 2022","77734","tests.test_other_documents","test_other_docs","TestOtherDocs","","","test_three_simple_signs","
        Подписание Иных документов с инициацией на портале. ПЭП. Три подписи. doc, docx и pdf
        https://tfs.university.innopolis.ru/tfs/DefaultCollection/%D0%92%D0%BD%D1%83%D1%82%D1%80%D0%B5%D0%BD%D0%BD%D1%8F%D1%8F%20%D1%80%D0%B0%D0%B7%D1%80%D0%B0%D0%B1%D0%BE%D1%82%D0%BA%D0%B0/_workitems/edit/55940
        "
"failed","Fri Mar 04 13:37:02 UTC 2022","Fri Mar 04 13:38:49 UTC 2022","106823","tests.test_requests_spending_budget_funds","test_requests_spending_budget_funds","TestSpendingBudgetFunds","","","test_budget_manager_delegate_task","
        Заявки на расходование средств бюджета с перечислением денежных средств.
        Распорядитель бюджета делегирует согласование
        https://tfs.university.innopolis.ru/tfs/DefaultCollection/%D0%92%D0%BD%D1%83%D1%82%D1%80%D0%B5%D0%BD%D0%BD%D1%8F%D1%8F%20%D1%80%D0%B0%D0%B7%D1%80%D0%B0%D0%B1%D0%BE%D1%82%D0%BA%D0%B0/_workitems/edit/61462
        "
"failed","Fri Mar 04 09:55:24 UTC 2022","Fri Mar 04 09:55:44 UTC 2022","20362","tests.test_contracts_gph","test_business_process_contract_gph_standart","TestContractGPH","","","test_contract_gph_standart_admin[user9]","
         Договор ГПХ руководитель НЕ проректор - стандартное простое прохождение
        https://tfs.university.innopolis.ru/tfs/DefaultCollection/%D0%92%D0%BD%D1%83%D1%82%D1%80%D0%B5%D0%BD%D0%BD%D1%8F%D1%8F%20%D1%80%D0%B0%D0%B7%D1%80%D0%B0%D0%B1%D0%BE%D1%82%D0%BA%D0%B0/_workitems/edit/60769
        Consideration of the first group of approvers (varies for each user)
        "
"passed","Fri Mar 04 10:01:20 UTC 2022","Fri Mar 04 10:04:13 UTC 2022","172142","tests.test_contracts_gph","test_business_process_contract_gph_standart","TestContractGPH","","","test_contract_gph_standart_admin[user12]","
         Договор ГПХ руководитель НЕ проректор - стандартное простое прохождение
        https://tfs.university.innopolis.ru/tfs/DefaultCollection/%D0%92%D0%BD%D1%83%D1%82%D1%80%D0%B5%D0%BD%D0%BD%D1%8F%D1%8F%20%D1%80%D0%B0%D0%B7%D1%80%D0%B0%D0%B1%D0%BE%D1%82%D0%BA%D0%B0/_workitems/edit/60769
        Consideration of the first group of approvers (varies for each user)
        "
"passed","Fri Mar 04 12:30:33 UTC 2022","Fri Mar 04 12:32:39 UTC 2022","125347","tests.test_outbox_letters","test_add_outbox_letter_main_flow","TestOutboxLetters","","","test_add_outbox_letter_main_flow_admin[user5]","
        Подготовка заявки для согласования нового исходящего письма
        https://tfs.university.innopolis.ru/tfs/DefaultCollection/%D0%92%D0%BD%D1%83%D1%82%D1%80%D0%B5%D0%BD%D0%BD%D1%8F%D1%8F%20%D1%80%D0%B0%D0%B7%D1%80%D0%B0%D0%B1%D0%BE%D1%82%D0%BA%D0%B0/_workitems/edit/55188
        "
"failed","Fri Mar 04 13:25:51 UTC 2022","Fri Mar 04 13:25:51 UTC 2022","0","tests.test_requests_spending_budget_funds","test_requests_spending_budget_funds","TestSpendingBudgetFunds","","","test_financial_analyst_send_rework","
        Заявки на расходование средств бюджета с перечислением ДС. Возврат финансовым аналитиком на доработку.
        Проверка редактирования после возврата на доработку
        https://tfs.university.innopolis.ru/tfs/DefaultCollection/%D0%92%D0%BD%D1%83%D1%82%D1%80%D0%B5%D0%BD%D0%BD%D1%8F%D1%8F%20%D1%80%D0%B0%D0%B7%D1%80%D0%B0%D0%B1%D0%BE%D1%82%D0%BA%D0%B0/_workitems/edit/61464
        "
"failed","Fri Mar 04 09:55:03 UTC 2022","Fri Mar 04 09:55:23 UTC 2022","20485","tests.test_contracts_gph","test_business_process_contract_gph_standart","TestContractGPH","","","test_contract_gph_standart_admin[user8]","
         Договор ГПХ руководитель НЕ проректор - стандартное простое прохождение
        https://tfs.university.innopolis.ru/tfs/DefaultCollection/%D0%92%D0%BD%D1%83%D1%82%D1%80%D0%B5%D0%BD%D0%BD%D1%8F%D1%8F%20%D1%80%D0%B0%D0%B7%D1%80%D0%B0%D0%B1%D0%BE%D1%82%D0%BA%D0%B0/_workitems/edit/60769
        Consideration of the first group of approvers (varies for each user)
        "
"passed","Fri Mar 04 13:03:40 UTC 2022","Fri Mar 04 13:06:31 UTC 2022","170192","tests.test_requests_spending_budget_funds","test_requests_spending_budget_funds","TestSpendingBudgetFunds","","","test_create_request_spending_budget_funds_without_transfer_funds","
        Создание Заявки на расходование средств бюджета без перечисления денежных средств
        https://tfs.university.innopolis.ru/tfs/DefaultCollection/%D0%92%D0%BD%D1%83%D1%82%D1%80%D0%B5%D0%BD%D0%BD%D1%8F%D1%8F%20%D1%80%D0%B0%D0%B7%D1%80%D0%B0%D0%B1%D0%BE%D1%82%D0%BA%D0%B0/_workitems/edit/59061
        "
"passed","Fri Mar 04 11:20:43 UTC 2022","Fri Mar 04 11:21:58 UTC 2022","75026","tests.test_main_page","test_main_page","TestMainPage","","","test_open_elements[main_page_user0]","
        Проверка открытия основных элементов главной страницы портала
        https://tfs.university.innopolis.ru/tfs/DefaultCollection/%D0%92%D0%BD%D1%83%D1%82%D1%80%D0%B5%D0%BD%D0%BD%D1%8F%D1%8F%20%D1%80%D0%B0%D0%B7%D1%80%D0%B0%D0%B1%D0%BE%D1%82%D0%BA%D0%B0/_workitems/edit/62190
        "
"passed","Fri Mar 04 13:32:13 UTC 2022","Fri Mar 04 13:34:09 UTC 2022","116223","tests.test_requests_spending_budget_funds","test_requests_spending_budget_funds","TestSpendingBudgetFunds","","","test_author_cancel_approving","
        Заявки на расходование средств бюджета с перечислением ДС.
        Заявка снята с рассмотрения автором на этапе согласования распорядителем бюджета
        https://tfs.university.innopolis.ru/tfs/DefaultCollection/%D0%92%D0%BD%D1%83%D1%82%D1%80%D0%B5%D0%BD%D0%BD%D1%8F%D1%8F%20%D1%80%D0%B0%D0%B7%D1%80%D0%B0%D0%B1%D0%BE%D1%82%D0%BA%D0%B0/_workitems/edit/61463
        "
"broken","Fri Mar 04 12:09:30 UTC 2022","Fri Mar 04 12:10:55 UTC 2022","85081","tests.test_other_documents","test_other_docs","TestOtherDocs","","","test_files_wo_labels","
        Подписание Иных документов с инициацией на портале. ПЭП. Файлы без меток

        "
"passed","Fri Mar 04 12:59:10 UTC 2022","Fri Mar 04 13:00:56 UTC 2022","106657","tests.test_outbox_letters","test_add_outbox_letter_main_flow","TestOutboxLetters","","","test_add_outbox_letter_main_flow_admin[user18]","
        Подготовка заявки для согласования нового исходящего письма
        https://tfs.university.innopolis.ru/tfs/DefaultCollection/%D0%92%D0%BD%D1%83%D1%82%D1%80%D0%B5%D0%BD%D0%BD%D1%8F%D1%8F%20%D1%80%D0%B0%D0%B7%D1%80%D0%B0%D0%B1%D0%BE%D1%82%D0%BA%D0%B0/_workitems/edit/55188
        "
"failed","Fri Mar 04 11:27:44 UTC 2022","Fri Mar 04 11:27:58 UTC 2022","13869","tests.test_main_page","test_main_page","TestMainPage","","","test_auth_with_invalid_password","
        Проверка авторизации пользователя c невалидным паролем
        https://tfs.university.innopolis.ru/tfs/DefaultCollection/%D0%92%D0%BD%D1%83%D1%82%D1%80%D0%B5%D0%BD%D0%BD%D1%8F%D1%8F%20%D1%80%D0%B0%D0%B7%D1%80%D0%B0%D0%B1%D0%BE%D1%82%D0%BA%D0%B0/_workitems/edit/62187
        "
"failed","Fri Mar 04 09:17:39 UTC 2022","Fri Mar 04 09:22:37 UTC 2022","298032","tests.test_contracts_gph","test_business_process_contract_gph_standart","TestContractGPH","","","test_contract_gph_standart_admin[user1]","
         Договор ГПХ руководитель НЕ проректор - стандартное простое прохождение
        https://tfs.university.innopolis.ru/tfs/DefaultCollection/%D0%92%D0%BD%D1%83%D1%82%D1%80%D0%B5%D0%BD%D0%BD%D1%8F%D1%8F%20%D1%80%D0%B0%D0%B7%D1%80%D0%B0%D0%B1%D0%BE%D1%82%D0%BA%D0%B0/_workitems/edit/60769
        Consideration of the first group of approvers (varies for each user)
        "
"passed","Fri Mar 04 13:06:31 UTC 2022","Fri Mar 04 13:09:50 UTC 2022","199135","tests.test_requests_spending_budget_funds","test_requests_spending_budget_funds","TestSpendingBudgetFunds","","","test_create_request_spending_budget_funds_with_transfer_funds","
        Создание Заявки на расходование средств бюджета с перечислением денежных средств
        https://tfs.university.innopolis.ru/tfs/DefaultCollection/%D0%92%D0%BD%D1%83%D1%82%D1%80%D0%B5%D0%BD%D0%BD%D1%8F%D1%8F%20%D1%80%D0%B0%D0%B7%D1%80%D0%B0%D0%B1%D0%BE%D1%82%D0%BA%D0%B0/_workitems/edit/60863
        "
"passed","Fri Mar 04 12:41:17 UTC 2022","Fri Mar 04 12:43:50 UTC 2022","153091","tests.test_outbox_letters","test_add_outbox_letter_main_flow","TestOutboxLetters","","","test_add_outbox_letter_main_flow_admin[user9]","
        Подготовка заявки для согласования нового исходящего письма
        https://tfs.university.innopolis.ru/tfs/DefaultCollection/%D0%92%D0%BD%D1%83%D1%82%D1%80%D0%B5%D0%BD%D0%BD%D1%8F%D1%8F%20%D1%80%D0%B0%D0%B7%D1%80%D0%B0%D0%B1%D0%BE%D1%82%D0%BA%D0%B0/_workitems/edit/55188
        "
"failed","Fri Mar 04 08:56:32 UTC 2022","Fri Mar 04 08:56:32 UTC 2022","0","tests.test_contracts","test_business_process_contract_cooperation","TestContractCooperation","","","test_approve_contract_cooperation_first_group_approvers","
        Создание и согласование меморандума о сотрудничестве
        Consideration of the first group of approvers (varies for each user)
        "
"passed","Fri Mar 04 13:09:50 UTC 2022","Fri Mar 04 13:13:50 UTC 2022","240653","tests.test_requests_spending_budget_funds","test_requests_spending_budget_funds","TestSpendingBudgetFunds","","","test_create_request_spending_budget_funds_contract_gph","
        Создание Заявки на расходование средств бюджета с перечислением денежных средств прикрепляя договор ГПХ
        https://tfs.university.innopolis.ru/tfs/DefaultCollection/%D0%92%D0%BD%D1%83%D1%82%D1%80%D0%B5%D0%BD%D0%BD%D1%8F%D1%8F%20%D1%80%D0%B0%D0%B7%D1%80%D0%B0%D0%B1%D0%BE%D1%82%D0%BA%D0%B0/_workitems/edit/60878
        "
"failed","Fri Mar 04 08:59:31 UTC 2022","Fri Mar 04 08:59:31 UTC 2022","0","tests.test_contracts","test_business_process_contract_rent","TestContractRent","","","test_approve_contract_rent_first_group_approvers","
        Создание и согласование договора аренды
        Consideration of the first group of approvers (varies for each user), exept Алексей Захаров
        "
"passed","Fri Mar 04 12:20:41 UTC 2022","Fri Mar 04 12:22:52 UTC 2022","131006","tests.test_outbox_letters","test_add_outbox_letter_main_flow","TestOutboxLetters","","","test_add_outbox_letter_main_flow_admin[user1]","
        Подготовка заявки для согласования нового исходящего письма
        https://tfs.university.innopolis.ru/tfs/DefaultCollection/%D0%92%D0%BD%D1%83%D1%82%D1%80%D0%B5%D0%BD%D0%BD%D1%8F%D1%8F%20%D1%80%D0%B0%D0%B7%D1%80%D0%B0%D0%B1%D0%BE%D1%82%D0%BA%D0%B0/_workitems/edit/55188
        "
"failed","Fri Mar 04 13:40:16 UTC 2022","Fri Mar 04 13:40:16 UTC 2022","0","tests.test_requests_spending_budget_funds","test_requests_spending_budget_funds","TestSpendingBudgetFunds","","","test_director_delegate_task","
        Заявки на расходование средств бюджета с перечислением денежных средств.
        Директор делегирует согласование
        https://tfs.university.innopolis.ru/tfs/DefaultCollection/%D0%92%D0%BD%D1%83%D1%82%D1%80%D0%B5%D0%BD%D0%BD%D1%8F%D1%8F%20%D1%80%D0%B0%D0%B7%D1%80%D0%B0%D0%B1%D0%BE%D1%82%D0%BA%D0%B0/_workitems/edit/61921
        "
"passed","Fri Mar 04 13:00:57 UTC 2022","Fri Mar 04 13:02:45 UTC 2022","108631","tests.test_outbox_letters","test_add_outbox_letter_main_flow","TestOutboxLetters","","","test_add_outbox_letter_main_flow_admin[user19]","
        Подготовка заявки для согласования нового исходящего письма
        https://tfs.university.innopolis.ru/tfs/DefaultCollection/%D0%92%D0%BD%D1%83%D1%82%D1%80%D0%B5%D0%BD%D0%BD%D1%8F%D1%8F%20%D1%80%D0%B0%D0%B7%D1%80%D0%B0%D0%B1%D0%BE%D1%82%D0%BA%D0%B0/_workitems/edit/55188
        "
"failed","Fri Mar 04 09:04:19 UTC 2022","Fri Mar 04 09:04:53 UTC 2022","33622","tests.test_contracts_gph","test_business_process_contract_gph_change_signer","TestContractGPHChangeSigner","","","test_contract_gph_change_signer_free","
        Договор ГПХ руководитель проректор - стандартное простое прохождение
        https://tfs.university.innopolis.ru/tfs/DefaultCollection/%D0%92%D0%BD%D1%83%D1%82%D1%80%D0%B5%D0%BD%D0%BD%D1%8F%D1%8F%20%D1%80%D0%B0%D0%B7%D1%80%D0%B0%D0%B1%D0%BE%D1%82%D0%BA%D0%B0/_workitems/edit/61242
        Consideration of the first group of approvers (varies for each user)
        "
"broken","Fri Mar 04 10:23:48 UTC 2022","Fri Mar 04 10:25:02 UTC 2022","74497","tests.test_decrees","test_decrees","TestDecrees","","","test_create_decree","
        Проверка создания приказа
        "
"passed","Fri Mar 04 10:38:53 UTC 2022","Fri Mar 04 10:40:13 UTC 2022","80266","tests.test_decrees","test_decrees","TestDecrees","","","test_delete_decree_text_before_approving","
        Подписание приказов, приложений ПЭП (без выписок). Удаление на стадии рассмотрения
        https://tfs.university.innopolis.ru/tfs/DefaultCollection/%D0%92%D0%BD%D1%83%D1%82%D1%80%D0%B5%D0%BD%D0%BD%D1%8F%D1%8F%20%D1%80%D0%B0%D0%B7%D1%80%D0%B0%D0%B1%D0%BE%D1%82%D0%BA%D0%B0/_workitems/edit/55882
        "
"broken","Fri Mar 04 11:36:09 UTC 2022","Fri Mar 04 11:37:29 UTC 2022","79635","tests.test_other_documents","test_other_docs","TestOtherDocs","","","test_one_qualified_sign_zip","
        Подписание Иных документов с инициацией на портале. УКЭП. Одна подпись. pdf в архиве
        https://tfs.university.innopolis.ru/tfs/DefaultCollection/%D0%92%D0%BD%D1%83%D1%82%D1%80%D0%B5%D0%BD%D0%BD%D1%8F%D1%8F%20%D1%80%D0%B0%D0%B7%D1%80%D0%B0%D0%B1%D0%BE%D1%82%D0%BA%D0%B0/_workitems/edit/55942
        "
"passed","Fri Mar 04 11:30:01 UTC 2022","Fri Mar 04 11:31:34 UTC 2022","93157","tests.test_other_documents","test_other_docs","TestOtherDocs","","","test_cancel_by_initiator","
        Подписание Иных документов с инициацией на портале. Снять с рассмотрения
        https://tfs.university.innopolis.ru/tfs/DefaultCollection/%D0%92%D0%BD%D1%83%D1%82%D1%80%D0%B5%D0%BD%D0%BD%D1%8F%D1%8F%20%D1%80%D0%B0%D0%B7%D1%80%D0%B0%D0%B1%D0%BE%D1%82%D0%BA%D0%B0/_workitems/edit/55950
        "
"broken","Fri Mar 04 13:02:45 UTC 2022","Fri Mar 04 13:03:40 UTC 2022","54777","tests.test_requests_closing_documents","test_creating_an_application_for_closing_documents","TestCreatingAnApplicationForClosingDocuments","","","test_creating_an_application_for_closing_documents","
        Создание заявки на проведение закрывающих документов
        https://tfs.university.innopolis.ru/tfs/DefaultCollection/%D0%92%D0%BD%D1%83%D1%82%D1%80%D0%B5%D0%BD%D0%BD%D1%8F%D1%8F%20%D1%80%D0%B0%D0%B7%D1%80%D0%B0%D0%B1%D0%BE%D1%82%D0%BA%D0%B0/_workitems/edit/59194
        "
"passed","Fri Mar 04 11:20:30 UTC 2022","Fri Mar 04 11:20:31 UTC 2022","430","tests.test_main_page","test_main_page","TestMainPage","","","test_elements_present[main_page_user2]","
        Проверка отображения основных элементов главной страницы портала
        https://tfs.university.innopolis.ru/tfs/DefaultCollection/%D0%92%D0%BD%D1%83%D1%82%D1%80%D0%B5%D0%BD%D0%BD%D1%8F%D1%8F%20%D1%80%D0%B0%D0%B7%D1%80%D0%B0%D0%B1%D0%BE%D1%82%D0%BA%D0%B0/_workitems/edit/62188
        "
"failed","Fri Mar 04 09:02:41 UTC 2022","Fri Mar 04 09:02:41 UTC 2022","0","tests.test_contracts","test_business_process_contract_sale","TestContractSale","","","test_approve_contract_sale_signing","
        Создание и согласование договора купли продажи
        https://tfs.university.innopolis.ru/tfs/DefaultCollection/%D0%92%D0%BD%D1%83%D1%82%D1%80%D0%B5%D0%BD%D0%BD%D1%8F%D1%8F%20%D1%80%D0%B0%D0%B7%D1%80%D0%B0%D0%B1%D0%BE%D1%82%D0%BA%D0%B0/_workitems/edit/57039
        Consideration by the second group of approvers (varies for the type of contract)
        "
"passed","Fri Mar 04 10:15:22 UTC 2022","Fri Mar 04 10:18:30 UTC 2022","187285","tests.test_contracts_gph","test_business_process_contract_gph_standart","TestContractGPH","","","test_contract_gph_standart_admin[user16]","
         Договор ГПХ руководитель НЕ проректор - стандартное простое прохождение
        https://tfs.university.innopolis.ru/tfs/DefaultCollection/%D0%92%D0%BD%D1%83%D1%82%D1%80%D0%B5%D0%BD%D0%BD%D1%8F%D1%8F%20%D1%80%D0%B0%D0%B7%D1%80%D0%B0%D0%B1%D0%BE%D1%82%D0%BA%D0%B0/_workitems/edit/60769
        Consideration of the first group of approvers (varies for each user)
        "
"passed","Fri Mar 04 12:36:00 UTC 2022","Fri Mar 04 12:38:26 UTC 2022","146123","tests.test_outbox_letters","test_add_outbox_letter_main_flow","TestOutboxLetters","","","test_add_outbox_letter_main_flow_admin[user7]","
        Подготовка заявки для согласования нового исходящего письма
        https://tfs.university.innopolis.ru/tfs/DefaultCollection/%D0%92%D0%BD%D1%83%D1%82%D1%80%D0%B5%D0%BD%D0%BD%D1%8F%D1%8F%20%D1%80%D0%B0%D0%B7%D1%80%D0%B0%D0%B1%D0%BE%D1%82%D0%BA%D0%B0/_workitems/edit/55188
        "
"passed","Fri Mar 04 11:27:59 UTC 2022","Fri Mar 04 11:28:24 UTC 2022","25504","tests.test_main_page","test_main_page","TestMainPage","","","test_delete_menu_item","
        Проверка отсутствия возможности удаления пункта меню
        https://tfs.university.innopolis.ru/tfs/DefaultCollection/%D0%92%D0%BD%D1%83%D1%82%D1%80%D0%B5%D0%BD%D0%BD%D1%8F%D1%8F%20%D1%80%D0%B0%D0%B7%D1%80%D0%B0%D0%B1%D0%BE%D1%82%D0%BA%D0%B0/_workitems/edit/62225
        "
"passed","Fri Mar 04 12:15:07 UTC 2022","Fri Mar 04 12:19:26 UTC 2022","258867","tests.test_outbox_letters","test_add_outbox_letter_main_flow","TestOutboxLetters","","","test_add_outbox_letter_main_flow[user1]","
        Подготовка заявки   для согласования нового исходящего письма
        https://tfs.university.innopolis.ru/tfs/DefaultCollection/%D0%92%D0%BD%D1%83%D1%82%D1%80%D0%B5%D0%BD%D0%BD%D1%8F%D1%8F%20%D1%80%D0%B0%D0%B7%D1%80%D0%B0%D0%B1%D0%BE%D1%82%D0%BA%D0%B0/_workitems/edit/55188
        "
"broken","Fri Mar 04 11:33:38 UTC 2022","Fri Mar 04 11:34:48 UTC 2022","70460","tests.test_other_documents","test_other_docs","TestOtherDocs","","","test_one_sign","
        Подписание Иных документов с инициацией на портале. ПЭП. Одна подпись. doc
        https://tfs.university.innopolis.ru/tfs/DefaultCollection/%D0%92%D0%BD%D1%83%D1%82%D1%80%D0%B5%D0%BD%D0%BD%D1%8F%D1%8F%20%D1%80%D0%B0%D0%B7%D1%80%D0%B0%D0%B1%D0%BE%D1%82%D0%BA%D0%B0/_workitems/edit/55920
        "
"failed","Fri Mar 04 08:58:27 UTC 2022","Fri Mar 04 08:58:27 UTC 2022","0","tests.test_contracts","test_business_process_contract_pps","TestContractPPS","","","test_approve_contract_sale_first_group_approvers","
        Создание и согласование договора купли продажи
        Consideration of the first group of approvers (varies for each user)
        "
"passed","Fri Mar 04 10:54:46 UTC 2022","Fri Mar 04 10:56:33 UTC 2022","106279","tests.test_decrees","test_decrees","TestDecrees","","","test_edit_decree_after_send_rework","
        Проверка возможности редактирования приказа автором, после возврата на доработку
        https://tfs.university.innopolis.ru/tfs/DefaultCollection/%D0%92%D0%BD%D1%83%D1%82%D1%80%D0%B5%D0%BD%D0%BD%D1%8F%D1%8F%20%D1%80%D0%B0%D0%B7%D1%80%D0%B0%D0%B1%D0%BE%D1%82%D0%BA%D0%B0/_workitems/edit/60432
        "
"passed","Fri Mar 04 10:46:44 UTC 2022","Fri Mar 04 10:50:12 UTC 2022","208659","tests.test_decrees","test_decrees","TestDecrees","","","test_edit_decree_name_under_approving","
        Проверка редактирования названия приказа при согласовании
        https://tfs.university.innopolis.ru/tfs/DefaultCollection/%D0%92%D0%BD%D1%83%D1%82%D1%80%D0%B5%D0%BD%D0%BD%D1%8F%D1%8F%20%D1%80%D0%B0%D0%B7%D1%80%D0%B0%D0%B1%D0%BE%D1%82%D0%BA%D0%B0/_workitems/edit/59784
        "
"passed","Fri Mar 04 10:41:27 UTC 2022","Fri Mar 04 10:43:40 UTC 2022","132313","tests.test_decrees","test_decrees","TestDecrees","","","test_approving_after_send_rework","
        Подписание приказов, приложений ПЭП (без выписок).
        Проверка отсутствия возможности согласования после отправки на доработку
        https://tfs.university.innopolis.ru/tfs/DefaultCollection/%D0%92%D0%BD%D1%83%D1%82%D1%80%D0%B5%D0%BD%D0%BD%D1%8F%D1%8F%20%D1%80%D0%B0%D0%B7%D1%80%D0%B0%D0%B1%D0%BE%D1%82%D0%BA%D0%B0/_workitems/edit/60437
        "
"failed","Fri Mar 04 12:19:26 UTC 2022","Fri Mar 04 12:20:40 UTC 2022","74789","tests.test_outbox_letters","test_add_outbox_letter_main_flow","TestOutboxLetters","","","test_add_outbox_letter_main_flow_admin[user0]","
        Подготовка заявки для согласования нового исходящего письма
        https://tfs.university.innopolis.ru/tfs/DefaultCollection/%D0%92%D0%BD%D1%83%D1%82%D1%80%D0%B5%D0%BD%D0%BD%D1%8F%D1%8F%20%D1%80%D0%B0%D0%B7%D1%80%D0%B0%D0%B1%D0%BE%D1%82%D0%BA%D0%B0/_workitems/edit/55188
        "
"broken","Fri Mar 04 11:34:49 UTC 2022","Fri Mar 04 11:36:09 UTC 2022","80558","tests.test_other_documents","test_other_docs","TestOtherDocs","","","test_one_qualified_sign","
        Подписание Иных документов с инициацией на портале. УКЭП. Одна подпись. pdf
        https://tfs.university.innopolis.ru/tfs/DefaultCollection/%D0%92%D0%BD%D1%83%D1%82%D1%80%D0%B5%D0%BD%D0%BD%D1%8F%D1%8F%20%D1%80%D0%B0%D0%B7%D1%80%D0%B0%D0%B1%D0%BE%D1%82%D0%BA%D0%B0/_workitems/edit/55929
        "
"failed","Fri Mar 04 09:08:14 UTC 2022","Fri Mar 04 09:13:35 UTC 2022","320919","tests.test_contracts_gph","test_business_process_contract_gph_standart","TestContractGPH","","","test_contract_gph_standart[for_contract_gph_standart0]","
         Договор ГПХ руководитель НЕ проректор - стандартное простое прохождение
        https://tfs.university.innopolis.ru/tfs/DefaultCollection/%D0%92%D0%BD%D1%83%D1%82%D1%80%D0%B5%D0%BD%D0%BD%D1%8F%D1%8F%20%D1%80%D0%B0%D0%B7%D1%80%D0%B0%D0%B1%D0%BE%D1%82%D0%BA%D0%B0/_workitems/edit/60769
        Consideration of the first group of approvers (varies for each user)
        "
"failed","Fri Mar 04 09:51:51 UTC 2022","Fri Mar 04 09:52:11 UTC 2022","20353","tests.test_contracts_gph","test_business_process_contract_gph_standart","TestContractGPH","","","test_contract_gph_standart_admin[user6]","
         Договор ГПХ руководитель НЕ проректор - стандартное простое прохождение
        https://tfs.university.innopolis.ru/tfs/DefaultCollection/%D0%92%D0%BD%D1%83%D1%82%D1%80%D0%B5%D0%BD%D0%BD%D1%8F%D1%8F%20%D1%80%D0%B0%D0%B7%D1%80%D0%B0%D0%B1%D0%BE%D1%82%D0%BA%D0%B0/_workitems/edit/60769
        Consideration of the first group of approvers (varies for each user)
        "
"failed","Fri Mar 04 13:13:50 UTC 2022","Fri Mar 04 13:13:50 UTC 2022","0","tests.test_requests_spending_budget_funds","test_requests_spending_budget_funds","TestSpendingBudgetFunds","","","test_request_without_transfer","
        Заявки на расходование средств бюджета. Проход по стадиям
        https://tfs.university.innopolis.ru/tfs/DefaultCollection/%D0%92%D0%BD%D1%83%D1%82%D1%80%D0%B5%D0%BD%D0%BD%D1%8F%D1%8F%20%D1%80%D0%B0%D0%B7%D1%80%D0%B0%D0%B1%D0%BE%D1%82%D0%BA%D0%B0/_workitems/edit/61420
        "
"passed","Fri Mar 04 10:04:13 UTC 2022","Fri Mar 04 10:07:05 UTC 2022","172510","tests.test_contracts_gph","test_business_process_contract_gph_standart","TestContractGPH","","","test_contract_gph_standart_admin[user13]","
         Договор ГПХ руководитель НЕ проректор - стандартное простое прохождение
        https://tfs.university.innopolis.ru/tfs/DefaultCollection/%D0%92%D0%BD%D1%83%D1%82%D1%80%D0%B5%D0%BD%D0%BD%D1%8F%D1%8F%20%D1%80%D0%B0%D0%B7%D1%80%D0%B0%D0%B1%D0%BE%D1%82%D0%BA%D0%B0/_workitems/edit/60769
        Consideration of the first group of approvers (varies for each user)
        "
"failed","Fri Mar 04 08:59:01 UTC 2022","Fri Mar 04 08:59:01 UTC 2022","0","tests.test_contracts","test_business_process_contract_pps","TestContractPPS","","","test_approve_contract_sale_vice_rector_and_analyst","
        Создание и согласование договора купли продажи
        Consideration by the second group of approvers (varies for the type of contract)
        "
"broken","Fri Mar 04 12:00:55 UTC 2022","Fri Mar 04 12:02:14 UTC 2022","79592","tests.test_other_documents","test_other_docs","TestOtherDocs","","","test_two_qualified_signs","
        Подписание Иных документов с инициацией на портале. УКЭП. Две подписи. doc, docx
        https://tfs.university.innopolis.ru/tfs/DefaultCollection/%D0%92%D0%BD%D1%83%D1%82%D1%80%D0%B5%D0%BD%D0%BD%D1%8F%D1%8F%20%D1%80%D0%B0%D0%B7%D1%80%D0%B0%D0%B1%D0%BE%D1%82%D0%BA%D0%B0/_workitems/edit/55943
        "
"broken","Fri Mar 04 12:08:02 UTC 2022","Fri Mar 04 12:09:30 UTC 2022","87484","tests.test_other_documents","test_other_docs","TestOtherDocs","","","test_four_simple_signs","
        Подписание Иных документов с инициацией на портале. ПЭП. Четыре подписи. doc, docx x2 и pdf
        https://tfs.university.innopolis.ru/tfs/DefaultCollection/%D0%92%D0%BD%D1%83%D1%82%D1%80%D0%B5%D0%BD%D0%BD%D1%8F%D1%8F%20%D1%80%D0%B0%D0%B7%D1%80%D0%B0%D0%B1%D0%BE%D1%82%D0%BA%D0%B0/_workitems/edit/55941
        "
"broken","Fri Mar 04 12:04:58 UTC 2022","Fri Mar 04 12:06:29 UTC 2022","90931","tests.test_other_documents","test_other_docs","TestOtherDocs","","","test_three_qualified_signs","
        Подписание Иных документов с инициацией на портале. УКЭП. Три подписи. doc, docx и pdf
        https://tfs.university.innopolis.ru/tfs/DefaultCollection/%D0%92%D0%BD%D1%83%D1%82%D1%80%D0%B5%D0%BD%D0%BD%D1%8F%D1%8F%20%D1%80%D0%B0%D0%B7%D1%80%D0%B0%D0%B1%D0%BE%D1%82%D0%BA%D0%B0/_workitems/edit/55944
        "
"passed","Fri Mar 04 12:00:22 UTC 2022","Fri Mar 04 12:00:55 UTC 2022","32051","tests.test_other_documents","test_other_docs","TestOtherDocs","","","test_approver_wo_qualified_sign","
        Подписание Иных документов с инициацией на портале. Тип подписи УКЭП человека, у которого нет УКЭП
        https://tfs.university.innopolis.ru/tfs/DefaultCollection/%D0%92%D0%BD%D1%83%D1%82%D1%80%D0%B5%D0%BD%D0%BD%D1%8F%D1%8F%20%D1%80%D0%B0%D0%B7%D1%80%D0%B0%D0%B1%D0%BE%D1%82%D0%BA%D0%B0/_workitems/edit/55963
        "
"failed","Fri Mar 04 13:17:42 UTC 2022","Fri Mar 04 13:21:24 UTC 2022","222507","tests.test_requests_spending_budget_funds","test_requests_spending_budget_funds","TestSpendingBudgetFunds","","","test_request_with_transfer","
        Заявки на расходование средств бюджета с перечислением денежных средств. Проход по стадиям
        https://tfs.university.innopolis.ru/tfs/DefaultCollection/%D0%92%D0%BD%D1%83%D1%82%D1%80%D0%B5%D0%BD%D0%BD%D1%8F%D1%8F%20%D1%80%D0%B0%D0%B7%D1%80%D0%B0%D0%B1%D0%BE%D1%82%D0%BA%D0%B0/_workitems/edit/61422
        "
"passed","Fri Mar 04 12:43:50 UTC 2022","Fri Mar 04 12:46:24 UTC 2022","154273","tests.test_outbox_letters","test_add_outbox_letter_main_flow","TestOutboxLetters","","","test_add_outbox_letter_main_flow_admin[user10]","
        Подготовка заявки для согласования нового исходящего письма
        https://tfs.university.innopolis.ru/tfs/DefaultCollection/%D0%92%D0%BD%D1%83%D1%82%D1%80%D0%B5%D0%BD%D0%BD%D1%8F%D1%8F%20%D1%80%D0%B0%D0%B7%D1%80%D0%B0%D0%B1%D0%BE%D1%82%D0%BA%D0%B0/_workitems/edit/55188
        "
"passed","Fri Mar 04 12:32:39 UTC 2022","Fri Mar 04 12:36:00 UTC 2022","201611","tests.test_outbox_letters","test_add_outbox_letter_main_flow","TestOutboxLetters","","","test_add_outbox_letter_main_flow_admin[user6]","
        Подготовка заявки для согласования нового исходящего письма
        https://tfs.university.innopolis.ru/tfs/DefaultCollection/%D0%92%D0%BD%D1%83%D1%82%D1%80%D0%B5%D0%BD%D0%BD%D1%8F%D1%8F%20%D1%80%D0%B0%D0%B7%D1%80%D0%B0%D0%B1%D0%BE%D1%82%D0%BA%D0%B0/_workitems/edit/55188
        "
"passed","Fri Mar 04 12:38:26 UTC 2022","Fri Mar 04 12:41:17 UTC 2022","170410","tests.test_outbox_letters","test_add_outbox_letter_main_flow","TestOutboxLetters","","","test_add_outbox_letter_main_flow_admin[user8]","
        Подготовка заявки для согласования нового исходящего письма
        https://tfs.university.innopolis.ru/tfs/DefaultCollection/%D0%92%D0%BD%D1%83%D1%82%D1%80%D0%B5%D0%BD%D0%BD%D1%8F%D1%8F%20%D1%80%D0%B0%D0%B7%D1%80%D0%B0%D0%B1%D0%BE%D1%82%D0%BA%D0%B0/_workitems/edit/55188
        "
"passed","Fri Mar 04 12:53:02 UTC 2022","Fri Mar 04 12:55:24 UTC 2022","141840","tests.test_outbox_letters","test_add_outbox_letter_main_flow","TestOutboxLetters","","","test_add_outbox_letter_main_flow_admin[user15]","
        Подготовка заявки для согласования нового исходящего письма
        https://tfs.university.innopolis.ru/tfs/DefaultCollection/%D0%92%D0%BD%D1%83%D1%82%D1%80%D0%B5%D0%BD%D0%BD%D1%8F%D1%8F%20%D1%80%D0%B0%D0%B7%D1%80%D0%B0%D0%B1%D0%BE%D1%82%D0%BA%D0%B0/_workitems/edit/55188
        "
"passed","Fri Mar 04 12:46:24 UTC 2022","Fri Mar 04 12:48:25 UTC 2022","120337","tests.test_outbox_letters","test_add_outbox_letter_main_flow","TestOutboxLetters","","","test_add_outbox_letter_main_flow_admin[user11]","
        Подготовка заявки для согласования нового исходящего письма
        https://tfs.university.innopolis.ru/tfs/DefaultCollection/%D0%92%D0%BD%D1%83%D1%82%D1%80%D0%B5%D0%BD%D0%BD%D1%8F%D1%8F%20%D1%80%D0%B0%D0%B7%D1%80%D0%B0%D0%B1%D0%BE%D1%82%D0%BA%D0%B0/_workitems/edit/55188
        "
"failed","Fri Mar 04 08:50:35 UTC 2022","Fri Mar 04 08:51:55 UTC 2022","80839","tests.test_business_trips","test_business_trips","TestBusinessTrips","","","test_create_trip","
        Проверка создания заявки на командировку
        https://tfs.university.innopolis.ru/tfs/DefaultCollection/%D0%92%D0%BD%D1%83%D1%82%D1%80%D0%B5%D0%BD%D0%BD%D1%8F%D1%8F%20%D1%80%D0%B0%D0%B7%D1%80%D0%B0%D0%B1%D0%BE%D1%82%D0%BA%D0%B0/_workitems/edit/56068
        "
"failed","Fri Mar 04 09:22:37 UTC 2022","Fri Mar 04 09:23:57 UTC 2022","79564","tests.test_contracts_gph","test_business_process_contract_gph_standart","TestContractGPH","","","test_contract_gph_standart_admin[user2]","
         Договор ГПХ руководитель НЕ проректор - стандартное простое прохождение
        https://tfs.university.innopolis.ru/tfs/DefaultCollection/%D0%92%D0%BD%D1%83%D1%82%D1%80%D0%B5%D0%BD%D0%BD%D1%8F%D1%8F%20%D1%80%D0%B0%D0%B7%D1%80%D0%B0%D0%B1%D0%BE%D1%82%D0%BA%D0%B0/_workitems/edit/60769
        Consideration of the first group of approvers (varies for each user)
        "
"passed","Fri Mar 04 11:01:52 UTC 2022","Fri Mar 04 11:06:13 UTC 2022","261741","tests.test_decrees","test_decrees","TestDecrees","","","test_cancel_approving_twice","
        Подписание приказов, приложений ПЭП (без выписок). Возвращение на рассмотрение 2 раза
        https://tfs.university.innopolis.ru/tfs/DefaultCollection/%D0%92%D0%BD%D1%83%D1%82%D1%80%D0%B5%D0%BD%D0%BD%D1%8F%D1%8F%20%D1%80%D0%B0%D0%B7%D1%80%D0%B0%D0%B1%D0%BE%D1%82%D0%BA%D0%B0/_workitems/edit/55871
        "
"passed","Fri Mar 04 12:22:52 UTC 2022","Fri Mar 04 12:25:35 UTC 2022","162904","tests.test_outbox_letters","test_add_outbox_letter_main_flow","TestOutboxLetters","","","test_add_outbox_letter_main_flow_admin[user2]","
        Подготовка заявки для согласования нового исходящего письма
        https://tfs.university.innopolis.ru/tfs/DefaultCollection/%D0%92%D0%BD%D1%83%D1%82%D1%80%D0%B5%D0%BD%D0%BD%D1%8F%D1%8F%20%D1%80%D0%B0%D0%B7%D1%80%D0%B0%D0%B1%D0%BE%D1%82%D0%BA%D0%B0/_workitems/edit/55188
        "
"passed","Fri Mar 04 09:52:12 UTC 2022","Fri Mar 04 09:55:03 UTC 2022","171215","tests.test_contracts_gph","test_business_process_contract_gph_standart","TestContractGPH","","","test_contract_gph_standart_admin[user7]","
         Договор ГПХ руководитель НЕ проректор - стандартное простое прохождение
        https://tfs.university.innopolis.ru/tfs/DefaultCollection/%D0%92%D0%BD%D1%83%D1%82%D1%80%D0%B5%D0%BD%D0%BD%D1%8F%D1%8F%20%D1%80%D0%B0%D0%B7%D1%80%D0%B0%D0%B1%D0%BE%D1%82%D0%BA%D0%B0/_workitems/edit/60769
        Consideration of the first group of approvers (varies for each user)
        "
